X1,PA0
X2,PA1
X3,PA2
X4,PA3
X5,PA4
X6,PA5
X7,PA6
X8,PA7
X9,PB6
X10,PB7
X11,PC4
X12,PC5
X13,Reset
X14,GND
X15,3.3V
X16,VIN
X17,PB3
X18,PC13
X19,PC0
X20,PC1
X21,PC2
X22,PC3
X23,A3.3V
X24,AGND
Y1,PC6
Y2,PC7
Y3,PB8
Y4,PB9
Y5,PB12
Y6,PB13
Y7,PB14
Y8,PB15
Y9,PB10
Y10,PB11
Y11,PB0
Y12,PB1
Y13,Reset
Y14,GND
Y15,3.3V
Y16,VIN
SW,PB3
LED_RED,PA13
LED_GREEN,PA14
LED_YELLOW,PA15
LED_BLUE,PB4
MMA_INT,PB2
MMA_AVDD,PB5
SD_D0,PC8
SD_D1,PC9
SD_D2,PC10
SD_D3,PC11
SD_CMD,PD2
SD_CK,PC12
SD,PA15
SD_SW,PA15
USB_VBUS,PA9
USB_ID,PA10
USB_DM,PA11
USB_DP,PA12
